truncate dbo.ed_registr_pts CASCADE;
truncate core.cd_points CASCADE;
truncate core.cd_routes CASCADE;
truncate core.cd_routes CASCADE;

insert into dbo.ed_registr_pts (id, c_appartament_num, n_appartament_num, c_house_num, n_house_num, jb_tel, jb_email, c_address, c_fio, n_longitude, n_latitude, f_user, f_division, f_subdivision) values
('16dc8d78-04db-45ac-ab02-2112000478c2', '111-111-111', 111, '1', 1, null, null, 'Россия, Чувашская Республика, Чебоксары, улица Академика А.Н. Крылова, 9', 'Артур Пирожков', '56.14010705859811', '47.229393446807734', 4, 1, 1),
('9f38e54c-c48c-4e18-8591-17e5a8e00224', '222-222-222', 222, '2', 2, null, null, 'Россия, Чувашская Республика, Чебоксары, улица Академика А.Н. Крылова, 1', 'Иванов Альберт', '56.14098311929222', '47.22885164058674', 4, 1, 1),
('8d85d582-fe5a-4f76-b8e3-d666db951ed0', '333-333-333', 333, '3', 3, null, null, 'Россия, Чувашская Республика, Чебоксары, улица Академика А.Н. Крылова, 5А', 'Высильев Василий', '56.142015723504684', '47.22915618111756', 4, 1, 1),
('40170afe-498d-4ff0-a1e7-9f29d470cf0a', '444-444-444', 444, '4', 4, null, null, 'Россия, Чувашская Республика, Чебоксары, улица Пирогова, 4А', 'Олег', '56.14239907700765', '47.228700205585035', 4, 1, 1),
('04be12d2-6349-49fb-a311-e7f69a3c7787', '555-555-555', 555, '5', 5, null, null, 'Россия, Чувашская Республика, Чебоксары, улица Б.С. Маркова, 16', 'А. Кирилл', '56.14047179397811', '47.23173034745273', 4, 1, 1),
('3943560e-f749-4ace-8f06-e402c82d2531', '666-666-666', 666, '6', 6, null, null, 'Россия, Чувашская Республика, Чебоксары, улица Пирогова, 4В', 'Виктор', '56.14275921615658', '47.22585046514802', 4, 1, 1),
('38e788de-1006-4fbe-bcaf-7902aebcb92f', '777-777-777', 777, '7', 7, null, null, 'Россия, Чувашская Республика, Чебоксары, Московский проспект, 15, корп. 1', 'Андреев Андрей Андреевич', '56.143639708414206', '47.22455474161811', 4, 1, 1),
('a77880a2-2705-4f92-b73b-7ada084ca14f', '888-888-888', 888, '8', 8, null, null, 'Россия, Чувашская Республика, Чебоксары, Московский проспект, 17В', 'Понкратов', '56.143807583339914', '47.22240596597085', 4, 1, 1),
('1e3caa35-ee75-4864-a906-736132912219', '999-999-999', 999, '9', 9, null, null, 'Россия, Чувашская Республика, Чебоксары, Московский проспект, 19, корп. 5', 'Колобков', '56.143676170841744', '47.22011654616311', 4, 1, 1),
('f391ef14-97a4-459a-98ef-e8f0607c61b9', '000-111-111', 1111, '11', 11, null, null, 'Россия, Чувашская Республика, Чебоксары, Московский проспект, 19к2', 'Кеша', '56.143099885205984', '47.217646204724815', 4, 1, 1),
('7b1faaa7-4c63-42c2-817e-6893948fcadb', '000-222-222', 2222, '22', 22, null, null, 'Россия, Чувашская Республика, Чебоксары, Московский проспект, 19к2', 'Аркадеев Аркадий Аркадьевич', '56.14013933242361', '47.22025473810789', 4, 1, 1),
('99f6003e-2738-44f1-91c1-aa80ea30a69f', '000-333-333', 3333, '33', 33, null, null, 'Россия, Чувашская Республика, Чебоксары, улица Пирогова, 1Т', 'Семенов Семен Семеныч', '56.14082498395324', '47.22391288496943', 4, 1, 1),
('f60c55ec-44e1-4c0c-b1df-f7dd29239759', '000-444-444', 4444, '44', 44, null, null, 'просп. Максима Горького, 10, стр. 1', 'Петров Петр Петрович', '56.149376', '47.196429', 4, 1, 1);

insert into core.cd_routes (id, f_type, c_number, d_date, d_date_start, d_date_end, c_notice, b_extended, d_extended, n_order) values
('c68b1a77-0a13-4c05-bc3e-c2504868f0ac', 1, '[Тестовый] Обход О-1', '2019-08-30T00:00:00.511Z', '2019-08-30', '2050-08-30', '', false, null, 1),
('60d6269b-c60c-4542-9b0e-8c65768cbbae', 1, '[Тестовый] Обход О-2', '2019-08-30T00:00:00.511Z', '2019-01-30', '2019-07-30', 'Просрочено', true, '2019-08-10', 2),
('e7ded0cd-12dd-47f5-a75b-192376291e83', 1, '[Тестовый] Обход О-3', '2019-05-30T00:00:00.511Z', '2019-05-30', '2050-07-30', null, false, null, 3),
('afd42548-50f9-4d81-943d-0dc1edd31a04', 1, '[Тестовый] Обход О-4', '2019-05-30T00:00:00.511Z', '2030-05-30', '2050-07-30', 'Пустой', false, null, 4),
('778eaa53-439b-4502-abeb-f412e4ca1522', 1, '[Тестовый] Обход О-5', '2019-05-30T00:00:00.511Z', '2030-05-30', '2050-07-30', 'Пустой', false, null, 5);

truncate core.cd_route_history;
insert into core.cd_route_history (fn_route, fn_status, fn_user, d_date, c_notice) values
('c68b1a77-0a13-4c05-bc3e-c2504868f0ac', 2, 5, '2019-08-30T00:00:00.511Z', 'Автоматически создан'),
('c68b1a77-0a13-4c05-bc3e-c2504868f0ac', 3, 5, '2019-08-30T00:00:00.511Z', null),
('c68b1a77-0a13-4c05-bc3e-c2504868f0ac', 4, 4, '2019-08-30T01:00:00.511Z', ''),
('c68b1a77-0a13-4c05-bc3e-c2504868f0ac', 5, 4, '2019-08-30T01:30:00.511Z', 'начал выполнять'),
('60d6269b-c60c-4542-9b0e-8c65768cbbae', 2, 5, '2019-01-30T00:00:00.511Z', 'Автоматически создан'),
('e7ded0cd-12dd-47f5-a75b-192376291e83', 2, -1, '2019-05-30T00:00:00.511Z', null),
('afd42548-50f9-4d81-943d-0dc1edd31a04', 2, 5, '2019-08-30T00:00:00.511Z', 'Автоматически создан'),
('afd42548-50f9-4d81-943d-0dc1edd31a04', 3, 5, '2019-08-30T00:00:00.511Z', null),
('afd42548-50f9-4d81-943d-0dc1edd31a04', 4, 4, '2019-08-30T01:00:00.511Z', ''),
('778eaa53-439b-4502-abeb-f412e4ca1522', 2, 5, '2019-08-30T00:00:00.511Z', 'Автоматически создан'),
('778eaa53-439b-4502-abeb-f412e4ca1522', 3, 5, '2019-08-30T00:00:00.511Z', null),
('778eaa53-439b-4502-abeb-f412e4ca1522', 4, 4, '2019-08-30T01:00:00.511Z', '');

truncate core.cd_userinroutes;
insert into core.cd_userinroutes (f_route, f_user, b_main) values
('c68b1a77-0a13-4c05-bc3e-c2504868f0ac', 4, true),
('afd42548-50f9-4d81-943d-0dc1edd31a04', 4, true),
('778eaa53-439b-4502-abeb-f412e4ca1522', 4, true);

insert into core.cd_points (id, f_registr_pts, f_route, c_notice, c_info, n_order) values
('89235ebf-64bd-4bbc-8feb-5e4ddd6684a9', '16dc8d78-04db-45ac-ab02-2112000478c2', '60d6269b-c60c-4542-9b0e-8c65768cbbae', null, '<font color=''green''>выполнялось ранее</font>', 1),
('4073b193-af8f-4371-85cf-fee220eb5b2d', '16dc8d78-04db-45ac-ab02-2112000478c2', 'c68b1a77-0a13-4c05-bc3e-c2504868f0ac', '', '<font color=''green''>выполнялось ранее</font>', 1),
('7f8d7a92-1c09-49da-b50a-5fa6bf1b57eb', '9f38e54c-c48c-4e18-8591-17e5a8e00224', 'c68b1a77-0a13-4c05-bc3e-c2504868f0ac', '', '<font color=''green''>выполнялось ранее</font>', 2),
('017556ad-ef67-4149-8c67-1e0e973289ed', 'f60c55ec-44e1-4c0c-b1df-f7dd29239759', 'c68b1a77-0a13-4c05-bc3e-c2504868f0ac', null, null, 7),
('2b5c33da-bbde-4b12-82e5-bb80bc3da677', '8d85d582-fe5a-4f76-b8e3-d666db951ed0', 'c68b1a77-0a13-4c05-bc3e-c2504868f0ac', null, null, 3),
('e9518202-ae4a-4ba8-8747-f3d3a9c85ae0', '40170afe-498d-4ff0-a1e7-9f29d470cf0a', '60d6269b-c60c-4542-9b0e-8c65768cbbae', null, null, 4),
('39eff641-67f7-4099-bb11-1b794ee99acb', '40170afe-498d-4ff0-a1e7-9f29d470cf0a', 'c68b1a77-0a13-4c05-bc3e-c2504868f0ac', null, '<font color=''green''>выполнялось <b>ранее</b></font>', 5),
('3c47fef3-9f5b-4ddf-8035-7ea87fcc85d0', '04be12d2-6349-49fb-a311-e7f69a3c7787', 'c68b1a77-0a13-4c05-bc3e-c2504868f0ac', null, null, 6),
('1704e09d-d28c-4ae0-b8b1-cc51836a5a5e', '3943560e-f749-4ace-8f06-e402c82d2531', 'e7ded0cd-12dd-47f5-a75b-192376291e83', null, null, 1),
('b699a359-5c91-4f7d-a483-ae9bf1e8cf64', '38e788de-1006-4fbe-bcaf-7902aebcb92f', 'e7ded0cd-12dd-47f5-a75b-192376291e83', null, null, 2),
('b104c9eb-021a-4fd8-9b46-bae5d318d2ac', 'a77880a2-2705-4f92-b73b-7ada084ca14f', 'e7ded0cd-12dd-47f5-a75b-192376291e83', null, null, 3),
('f4f95bc1-a15b-47a9-9cb2-27b5791fa0da', '1e3caa35-ee75-4864-a906-736132912219', 'e7ded0cd-12dd-47f5-a75b-192376291e83', null, null, 4),
('2d7c95a1-9da3-4af2-b90a-608573f4116a', 'f391ef14-97a4-459a-98ef-e8f0607c61b9', 'e7ded0cd-12dd-47f5-a75b-192376291e83', null, null, 5),
('f85c3460-ce4a-42b0-aa5a-998da74c23ed', '7b1faaa7-4c63-42c2-817e-6893948fcadb', 'e7ded0cd-12dd-47f5-a75b-192376291e83', null, null, 6),
('c4fb7bda-e4c7-4b98-865f-32115dad480a', '99f6003e-2738-44f1-91c1-aa80ea30a69f', 'e7ded0cd-12dd-47f5-a75b-192376291e83', null, null, 7);

truncate core.cd_user_points;
insert into core.cd_user_points(id, fn_point, fn_type, jb_tel, jb_email, fn_user, fn_route, n_latitude, n_longitude, d_date, c_notice, b_check, d_date_check) values
('547c39bd-d171-4cae-bf64-c30fae16210a', '89235ebf-64bd-4bbc-8feb-5e4ddd6684a9', 1, null, null, 4, '60d6269b-c60c-4542-9b0e-8c65768cbbae', '56.14010705859811', '47.229393446807734', '2019-08-30T00:00:00.511Z', '', false, null),
('1a29d44d-5f31-49f0-a4d5-8056b1d307a6', '4073b193-af8f-4371-85cf-fee220eb5b2d', 1, null, null, 4, 'c68b1a77-0a13-4c05-bc3e-c2504868f0ac', '56.14010705859811', '47.229393446807734', '2019-08-30T00:00:00.511Z', '', false, null),
('7f8d7a92-1c09-49da-b50a-5fa6bf1b57eb', '017556ad-ef67-4149-8c67-1e0e973289ed', 1, null, null, 4, 'c68b1a77-0a13-4c05-bc3e-c2504868f0ac', '56.14098311929222', '47.22885164058674', '2019-08-30T00:00:00.511Z', '', false, null);

truncate core.cd_results;
insert into core.cd_results (id, fn_user_point, fn_point, fn_type, fn_user, fn_route, d_date, c_notice, b_warning, n_order) values
('7d307748-499a-4932-ac83-830c93edc7cf', '547c39bd-d171-4cae-bf64-c30fae16210a', '89235ebf-64bd-4bbc-8feb-5e4ddd6684a9', 1, 4, '60d6269b-c60c-4542-9b0e-8c65768cbbae', '2019-08-30T00:00:00.511Z', 'акт сформирован', false, 1),
('89d0cba6-0b33-42df-8c9b-c3789cc4c4c0', '1a29d44d-5f31-49f0-a4d5-8056b1d307a6', '4073b193-af8f-4371-85cf-fee220eb5b2d', 1, 4, 'c68b1a77-0a13-4c05-bc3e-c2504868f0ac', '2019-08-30T00:00:00.511Z', 'неадекватный хозяин', false, 2),
('6812dd61-064c-4c5e-b8ba-dfdb91d6a7de', '7f8d7a92-1c09-49da-b50a-5fa6bf1b57eb', '017556ad-ef67-4149-8c67-1e0e973289ed', 1, 4, 'c68b1a77-0a13-4c05-bc3e-c2504868f0ac', '2019-08-30T00:00:00.511Z', null, true, 3);

truncate core.ad_tracking;
insert into core.ad_tracking (id, fn_user, d_date, n_latitude, n_longitude, c_network_status) values
('7de5c49b-5479-421d-9a60-a603fbea90bc', 4, '2019-08-30T01:00:00.511Z', '56.14031102276747', '47.23131754848073', 'LTE'),
('ce20d31e-8cb0-4574-8963-da57ba048736', 4, '2019-08-30T01:10:00.511Z', '56.13979885765043', '47.230663089481105', 'LTE'),
('a2329bb4-85cc-4329-bfb9-1ab54634c9a0', 4, '2019-08-30T01:20:00.511Z', '56.13979885765043', '47.230663089481105', 'LTE'),
('6b0d3d31-4d47-41bd-badb-cb2064ea614f', 4, '2019-08-30T01:25:00.511Z', '56.13983057759536', '47.228522039494294', 'LTE');

